"sigma_env2/r","mu","sigma_int2","r","beta1","e_sigma_env2/r","e_mu","e_sigma_int2","e_r","e_beta1","MWSS"
0.932458774730043,-1.88846408123737,10.0965732836232,65947.2716241414,-9.50824695572962e-05,0.184922604642677,0.894928790059666,13.3103469891725,1644.18091089647,4.82653574985826e-05,1.18400717368692
0.929138804613148,-1.53432080324914,6.01132507448182,45170.1299967887,-0.000111882269272173,0.181156016900716,0.625650778427522,7.57220825527016,1097.32264924317,4.06834925578295e-05,1.17637305584646
0.955134637314961,-1.16551358331959,20.1911114092539,51021.6662075733,-0.000131902516627571,0.148367917283892,0.752139591011484,16.5480060447933,936.668559811036,4.45469490082557e-05,1.09061578654603
0.956073807336434,-1.0905581527101,14.3185540959647,42891.5216999927,-0.000135747152713637,0.14262250188203,0.64059904225668,11.6252566532513,832.439467328844,4.04641109543233e-05,1.08685356374158
0.953773083199572,-1.46550794629056,13.204821399841,43785.3237480412,-0.000132898070753472,0.13521187485523,0.667731721818309,11.6032238845314,765.724156255601,3.99809457736262e-05,1.1174074126333
0.975793153385903,-0.32093256756692,13.1939805864754,38612.4250843091,-0.000162805732690609,0.123591523644431,0.611126142880489,9.59671520495132,625.436429174419,4.03139976607816e-05,1.10960883518743
0.998209457336258,0.867578522717364,17.2681620916006,31799.1414893724,-0.000200014806620504,0.117138975615675,0.567051985581046,9.69459851928117,482.018857750611,4.03701987755678e-05,1.08475960777166
0.994260285765174,0.64087335024203,21.4235079720221,35129.3640606858,-0.00020201339852962,0.114460666799631,0.633584410478599,12.8504341722417,509.107312841725,4.32353051585156e-05,1.10293459401204
0.988159197109898,0.155413473647047,30.331652330071,38208.0313495419,-0.000198034210458426,0.108707726005974,0.662289185284558,17.7199402255138,495.980372565252,4.35629049445489e-05,1.09192936325216
0.984060796567257,-0.221276351201407,27.9715720438531,39311.0360177,-0.000199072463999971,0.0992158886699643,0.660742744132173,15.9871249300174,476.497876017327,4.97244460731271e-05,1.0899921202976
0.978871470119579,-0.767942408063941,36.2837749822337,42319.6111069827,-0.000193212638713266,0.09296415654285,0.739028970421489,22.4114044642127,492.18693010201,4.50825525024337e-05,1.0921726023342
0.980666877686178,-0.678534362619313,33.2584471765716,41572.2517400966,-0.000199762362509648,0.0886217233159208,0.728519494249898,20.3940140760772,440.160455194068,4.84711150311196e-05,1.08909763668312
0.981733315832104,-0.682478920539154,30.6734161424271,41191.901677164,-0.000201206956335206,0.09258547833647,0.696153144886445,21.6638485633978,434.794173040442,4.69605061607522e-05,1.08589921796421
0.990565843097329,0.11825215643005,27.0921840796759,37697.2363958939,-0.000217562626183439,0.0924552797553853,0.680302012034037,17.8040603431141,381.945351586581,4.69429425231624e-05,1.08866417131809
0.996171079317567,0.632779307655789,32.282740378972,36175.3122066702,-0.000233548057602655,0.0885614443108086,0.678189099499733,17.3316615511225,352.356024637057,5.01268135027635e-05,1.07190021431925
0.996402644463143,0.602190315892539,34.6489874042705,36020.9235645137,-0.000233394532685787,0.0849911044192569,0.676329615200754,17.402297823667,327.965103081214,4.95178891737687e-05,1.07291996608608
0.995462748142895,0.514796100110266,34.9212741371135,36043.1848589919,-0.000231269294155025,0.0852020006702248,0.714690833788425,16.1229971265492,320.61377585963,4.77645922173985e-05,1.0727474970072
0.996030261145542,0.548655654797808,32.0520898886768,34585.6615222397,-0.000241439673955003,0.0868623981189691,0.671481373239218,15.945906606641,311.259844730547,5.29641637860734e-05,1.08013841756907
0.995249551010391,0.525319367172629,28.2904382408593,33698.7104624131,-0.000247678496248171,0.092203073380051,0.668729625531661,13.8005047456385,300.374179952892,5.41089768711727e-05,1.09251543645386
0.998472305564519,0.78139448425959,28.5836176488023,32993.3072932005,-0.000245408231737924,0.088034592831914,0.647019217327969,15.4768297141761,279.608029194965,5.19453156037288e-05,1.08783195203443
0.99237970795209,0.101867057309098,33.6547387731671,34538.6081799004,-0.000239528680134509,0.0865516412080808,0.685798836735568,20.13277518644,277.765996999885,5.19288396478646e-05,1.08216837231173
0.997976050468974,0.683789208764412,33.9198389183785,33563.8057121959,-0.000249464179622107,0.0875033704689492,0.702631942747464,19.3594798082119,270.687036350587,5.19572304274922e-05,1.06903599315354
1.00073058727298,0.987124050031816,34.4206022448631,32420.0338060211,-0.000256312679997913,0.0904153499431831,0.667162802819393,19.8114867549677,263.772977771476,5.50415052784459e-05,1.06889849612161
0.998964773686761,0.814251920451524,32.7105924783562,33343.1918627032,-0.000255668145613393,0.0874515218731766,0.678245948913516,17.7293838292225,258.277965705921,5.12961612282894e-05,1.06420074047711
0.995937802238534,0.365941972232941,34.2460953648153,34332.9738967118,-0.000253254589693085,0.082055606661998,0.729326958374048,20.5955691450181,251.478434333357,5.36446925545319e-05,1.06988525457389
0.995887569899185,0.416369533347943,33.2860436949191,32725.3208062623,-0.000263323372902112,0.0846794905203987,0.683171861761875,19.8616615166828,235.436647953238,5.94214883127573e-05,1.07109201952485
0.995649583907294,0.346217128047719,33.7348709490565,33699.5956966536,-0.000257385779567277,0.0848530185624509,0.70858297433234,21.8936957347283,240.48131442892,5.51886050096761e-05,1.0693316831182
0.995665192361671,0.291582853656822,32.2206865438748,32916.6641695542,-0.000261960403520453,0.0860262480196563,0.690136826379935,23.4340732656764,224.324925749729,5.66163254125926e-05,1.06588032714397
0.99796746474654,0.625102031964554,32.4833034713952,32573.347984442,-0.000261174071535014,0.086544016989921,0.69614879889298,21.1863015409328,219.255171347452,5.63159524351066e-05,1.06634328918939
0.997286399431589,0.542914840444905,32.7504861969395,32243.9365075508,-0.00026542288721725,0.0842121431132647,0.725147470001356,21.5876393893586,224.363964070123,5.68648910249331e-05,1.06281352883388
0.998288307432579,0.679134499502068,32.4127810317337,31937.1633934978,-0.000268685806656737,0.0813067025301844,0.706592442879261,19.2373404449746,207.972214002566,5.67059632306013e-05,1.05980382313588
0.999277256220432,0.769400892694545,31.6664685924089,31562.5767158732,-0.000270661425293648,0.0864156590159827,0.708510711990138,21.9163052880822,204.994127681645,5.75103068010913e-05,1.05888424726749
1.00020453357601,0.925264674000315,30.997330465835,32188.4987751566,-0.000270210602603604,0.0802000024289673,0.737334407933859,22.2854557304842,208.094664038676,5.61469729945363e-05,1.05830816657765
1.00343182660515,1.37546530641741,30.6561240956354,31390.2224163792,-0.000276074953161741,0.0781425840412251,0.721935764675197,21.2492758677201,196.336160589734,6.10253102706178e-05,1.05648505010615
1.00302424954596,1.35495929663343,33.1404109931091,30752.0272523734,-0.000278948197476649,0.0813645786313355,0.712391913731776,23.8333141356541,188.349117797891,5.73074424075528e-05,1.05323309934015
1.00264047624409,1.30242723135634,32.8046847516685,30096.9155146583,-0.000283644705627747,0.0817957279119202,0.747200371616167,20.3820204601055,181.795590299079,6.01136078866873e-05,1.05215593934962
1.00227727441529,1.31366359790178,33.6106267221763,29704.6029893361,-0.000282535376746854,0.0837744329488688,0.747180692463709,21.7436949072161,173.418832439474,6.09565457088306e-05,1.05073533222087
1.00367498921411,1.46210896735403,34.9098682028387,29779.5506944802,-0.000278867448038774,0.0811810048938292,0.729983346237949,20.7505106090155,176.357845494286,5.65135311356082e-05,1.05217232082609
0.999593736325467,0.835541499194231,40.9694613045824,30020.2982973478,-0.000277857141367552,0.0801158849156533,0.760570953028191,27.3854561685175,174.256410604959,6.12413409626147e-05,1.05307946437612
0.999636298902697,0.868886888701296,39.1639627817064,29703.2393831836,-0.000275828004771223,0.0849791028340239,0.736011004799366,24.0355880577199,181.066432498216,5.57701542793806e-05,1.04898657623663
0.998753036818377,0.745384870823974,39.9848782050341,29338.3657178902,-0.000277444203539319,0.0846567804773278,0.806443252371751,26.1106008979582,173.676008222063,6.1614202186338e-05,1.05326361831417
0.999179671610125,0.759932670539958,39.9174746920226,29098.8082344116,-0.000277893297740121,0.0838749211421069,0.794643103609372,25.6369786750681,175.126325101887,5.87150167330002e-05,1.05004398657423
1.00192062581978,1.20628218183546,40.7991933983248,28691.6333927982,-0.000281459374421858,0.0801977253825627,0.814739967561632,26.5921239863645,173.809922110172,5.84769778117887e-05,1.04701837056543
1.00177743582765,1.24680339664896,40.8167796378648,28617.6113883026,-0.000281478981636372,0.0825473683104923,0.785354408271824,28.839141014276,160.16953200112,5.9774840615242e-05,1.05229908850357
1.00009832563125,0.927642464983931,42.9642512226027,29055.543825168,-0.000278869725583153,0.0818637921503367,0.813614415785198,24.6436143385219,167.537382227044,5.67348704413368e-05,1.04802162471478
1.00027251608488,0.994309562678518,41.2701987031436,28505.7128889308,-0.000281955738021438,0.0826159599297273,0.798641549714136,22.5595792221475,158.868827297839,6.27141865153811e-05,1.05060772696863
1.00060122734406,0.975786728723746,41.3733598133357,28314.0020182729,-0.000279010260903492,0.083327279996828,0.777019049131949,23.0328676992283,160.866470887109,5.73024095271701e-05,1.04812120181844
0.999693239061361,0.869802406822751,43.6659225240604,27992.8617267606,-0.000279087882569973,0.0829335794160978,0.781497040264384,24.2395092045669,153.713609989458,6.01543571391587e-05,1.04588520632809
0.999527784449675,0.807496392680146,42.0801261868546,27519.770801864,-0.000279622604087056,0.0826266753647292,0.816794837834762,24.8417198919007,160.303950225922,6.19058628422361e-05,1.04574431162906
0.999700177700962,0.879852025267494,39.6130744057742,26962.8784214019,-0.000282866594419741,0.0820321169172193,0.792932275076697,22.5726368318953,151.534112523047,6.28636656295696e-05,1.04741022031051
0.999583134574075,0.82890394483214,41.168325779522,27084.0446547364,-0.000277478211199496,0.0780128586070721,0.801293488353383,23.9873077860534,143.678791327701,5.93997336580819e-05,1.04856339144325
0.996994587397105,0.375531592868348,44.9472455867261,27378.9206971952,-0.000274059874186965,0.0783702092217265,0.854721533011147,24.6302068312606,148.729738377153,5.87342977058291e-05,1.04500746303738
0.996942676311926,0.349751667558928,43.0982759372159,26853.6155755642,-0.000278496398111615,0.0801324338652698,0.806234788109333,26.5423458676189,141.060200386856,6.12909651184077e-05,1.0427856880172
0.99689809040867,0.34632838902241,41.3962891252946,26767.600293082,-0.000278750851213506,0.0794674218885462,0.836384847574353,22.1719109340015,146.544234363494,5.97899945782535e-05,1.04162665920944
0.997382016183962,0.407829136850443,42.8986548882122,26937.6545270454,-0.000276787649602569,0.0773981341934213,0.825688549819098,24.7056312500273,136.740849918143,6.10743717386767e-05,1.04149326516907
0.998141542793683,0.551064450764541,42.6758560589999,26623.1367961051,-0.00027842472540698,0.0745985796454863,0.830482964683087,24.9538409868975,146.155926727611,6.00681924168297e-05,1.04182975791587
0.99804812280369,0.538876207213445,42.1004529370782,26040.621077298,-0.000280162980449099,0.0809788011785099,0.822689901597357,26.863664922954,136.457520937114,6.00084440352274e-05,1.04135621346168
0.996370992621735,0.193008403778678,45.9663542760269,26218.8592271804,-0.000275951777402759,0.0808382303298729,0.865986785915497,25.1992907229215,141.981570141379,5.97400694780072e-05,1.043364990981
0.995632982159319,0.0454383534897134,44.5866591208393,25763.9039850305,-0.000278203883284753,0.0772384525615916,0.872977355555709,26.0018603650547,139.01021665424,6.22777881519015e-05,1.04102988249202
0.995291049935456,-0.0546389944668688,44.4207533226866,25678.3585278134,-0.000277083776638884,0.0798381028703027,0.831446778163583,23.2757773398101,134.77614840381,6.4051141127928e-05,1.03896171947566
0.995881892131007,0.0844072802124364,46.630720627988,25924.0676329186,-0.000271979769830599,0.0782725176765454,0.883062736165168,26.1984756923172,138.577963875907,5.77636374299876e-05,1.04108176348028
0.995879771980334,0.0731222802161199,45.1924389416758,25356.7057720519,-0.000274943070218837,0.0792352899430498,0.879270586202914,24.6063329970083,134.720531194083,6.09275651591086e-05,1.04227084503416
0.994859836020071,-0.095144706686411,44.7805516479988,25209.3757995991,-0.000274157649709058,0.0756739555232457,0.853803261714842,25.872250365226,126.704332977487,6.11998539857293e-05,1.04134385264682
0.995496302791493,-0.0355798977893251,43.0434509129532,24815.2367080378,-0.000276972716582334,0.0782914117883885,0.866352132924898,23.6184282627412,128.711593963628,5.91947557348262e-05,1.03956408570903
0.995068668447987,-0.0733758461019217,43.2451533479325,24467.9870784889,-0.000277624434196589,0.0786416785528036,0.879635030566587,27.3617863440428,129.415179951082,6.27429770235953e-05,1.0385110571802
0.995859232708778,0.0299059891589666,42.416078067525,24589.0787669006,-0.000273113076569222,0.0770127257469085,0.882581659003054,23.3163205368467,130.715000683721,5.96887745709432e-05,1.03908676083633
0.995373597424306,-0.0842283336472085,40.4306417360859,24132.1447885462,-0.00027526019340945,0.0766627776915276,0.872519203939211,19.320902202333,121.479126264662,5.9241284111125e-05,1.0374735695595
0.996300318277443,0.125091143337585,41.3971947393345,23825.304054949,-0.000276541546851003,0.0772698642928996,0.898776055166706,22.9563803037369,123.721665060725,6.10927907428862e-05,1.0370220212168
0.995884481719235,0.068911006577883,41.8298024951967,23831.8697520666,-0.00027405713492666,0.0763574987635797,0.869371986321192,24.3354059347252,123.27489450133,5.6036775285709e-05,1.03688994769506
0.99644244184207,0.144610219663503,40.7658909628297,23650.3788415462,-0.000275725362403527,0.0771907893066602,0.889428277913339,24.248441517335,129.027956267438,5.78577088782641e-05,1.03677480116391
0.995966823176792,0.000180710994836756,42.8480979967043,23720.1482174837,-0.000273927450298409,0.0749455157989207,0.903942300313718,24.2580972895008,125.317551702795,6.12233565298517e-05,1.03631602721
0.996024431684637,0.0307200607142396,42.1929982624319,23528.0232367519,-0.000273999365733878,0.0741304001386465,0.906180100221333,24.4236786474918,122.044020627798,6.01550892893262e-05,1.0338006350353
0.996955252595108,0.13208869624552,39.7472988448257,22730.7519007413,-0.000280808704735224,0.0761041515545588,0.847877987110327,21.1772973517733,111.819019651075,6.19455686609523e-05,1.03413140419625
0.99678398489294,0.18669712091212,40.5236772362373,23035.3133610204,-0.000275554894160762,0.0751053413966954,0.892736337251377,22.5303405546241,114.157758129036,5.66707785778646e-05,1.03334808933624
0.997112287168982,0.224306874801416,39.7804428980417,22611.4420996846,-0.000276839281454526,0.0756750198444218,0.819248675107688,23.2026125068315,109.706470069307,6.0695101783955e-05,1.03604416007353
0.997174396771445,0.301959314925683,38.673907276228,22480.3640966431,-0.000276619937374559,0.0748673441956766,0.901832764075708,20.5855755712231,115.409610096929,6.01907633354965e-05,1.03344632267916
0.997803632780822,0.406528026133612,40.5671490570127,22268.9370157265,-0.000275937034032979,0.0783214461606338,0.883148861639668,25.9530152071341,111.172349361765,5.89847808642835e-05,1.03567488201855
0.99836893038979,0.51219237142736,38.6559614190286,21937.4160106333,-0.000280096577795785,0.0751295565716647,0.891913247858849,22.3757610862731,109.242118415852,5.72196740211585e-05,1.03029022882924
0.998510707431828,0.510418357336697,38.2598051144137,21582.0624545384,-0.000280870786310961,0.0731582342898363,0.863191284942808,21.3636741442526,106.377980349002,6.14476723251423e-05,1.0334248474406
0.99763613654241,0.299082810742608,41.1178482146288,21632.8990572077,-0.000277466278715226,0.0733314975536938,0.901170448607335,23.7614336276566,108.662851399715,5.95032189666489e-05,1.03228027282907
0.997340710902216,0.25239457627988,39.1897302627334,21322.495474873,-0.000279686180774568,0.0739106419820433,0.873857193557976,22.4945231232917,107.162054880401,6.09938200067388e-05,1.03002490357386
0.997063059507419,0.209207665523645,38.7532458171447,21181.8325701437,-0.000277953532270098,0.0735208237159197,0.911022364234705,20.3744301025547,107.632537302967,6.31071621217194e-05,1.03288967984221
0.997148150437868,0.208557613211279,38.1430733850439,21140.3028271154,-0.000276027263644325,0.0743064774544712,0.918457620105288,21.3745542123431,107.656147799366,5.79160153509363e-05,1.03156952471395
0.997242798894941,0.214420320332668,38.161589244622,20899.1095161961,-0.000276633978387954,0.0718635761622831,0.913815133426199,21.9883327495854,105.114518253064,6.03226758399237e-05,1.03010202776344
0.997106717587785,0.195829722176719,38.1428493941541,20495.6280186815,-0.000278218719715387,0.0751572448123993,0.895631446497153,21.336462853317,102.476205840256,6.18078629934371e-05,1.03226058038311
0.997370243176445,0.280959828223197,36.9885404137542,20338.6317208933,-0.000278822358499394,0.0733071135268819,0.888221864211756,19.0710143072983,97.548986720584,6.02080861502986e-05,1.02924457787692
0.997608838233472,0.321944215342782,38.6256789189665,20304.4679299552,-0.000275747235289126,0.0739042339524342,0.869168316757544,25.4662463358414,96.7451146096059,5.86934045765454e-05,1.03014540758369
0.997637046852219,0.330557553290847,36.014442869543,19949.5173021003,-0.000278518409442234,0.0729413501599292,0.920591892721832,20.9286723703675,99.7407630246098,5.94666691725374e-05,1.0284131308075
0.997740669974952,0.349724255683512,37.2163777689434,19934.2930353301,-0.000275341788233689,0.0758543972168686,0.916193887580065,21.395184515038,100.957869052158,5.8300640353207e-05,1.03063099959585
0.997898581054214,0.356407708200197,35.6869065317854,19499.5151128376,-0.000278693638859321,0.0755333903142089,0.87583809409208,20.3543602398075,98.4869573607765,5.78889427988614e-05,1.03002996956274
0.997685224305301,0.377722634226893,34.8696534683878,19246.3954921912,-0.000280201675596349,0.0737068760512319,0.899820515885337,20.3677450978581,95.9114865932108,6.10975322215935e-05,1.0275555773019
0.997825697275543,0.380935202911551,33.4785347503555,19080.1302991498,-0.000279568590432585,0.0750396844470017,0.856237347722912,18.1784362872765,92.1400093653169,5.80908099035987e-05,1.02900491893172
0.998020764911726,0.345503857245011,34.8499641816948,19053.655935457,-0.000277676834881662,0.0739880683283183,0.875606242836868,20.7676529560795,97.1140739447222,5.77848721428664e-05,1.02582187552782
0.997999571538127,0.395766221713874,34.7989840590894,18827.0329393224,-0.000278057809515757,0.0742554830108156,0.918187598145871,20.8196731136157,94.6039826088247,6.0310435569548e-05,1.02620972052743
0.998086903066943,0.393965478895299,34.743418771181,18898.051444581,-0.00027412493297208,0.0750782917391857,0.90412330504802,19.4033046637842,92.1122790599435,5.91819941326069e-05,1.02701864169654
0.99792406381547,0.389113065732626,34.1989559286359,18427.7128763321,-0.000278270683828863,0.0743140980479154,0.872196915446866,20.589453343374,89.952776845566,5.92775339710753e-05,1.02701504144126
0.997832678011781,0.346935175845124,34.002298274319,18405.0285213658,-0.000276199752659324,0.0744381523726625,0.905885606330566,19.7887121859502,93.1245913587358,5.66813405299803e-05,1.02624759867387
0.997977447845551,0.417808247592905,33.4161724968407,18166.6361857865,-0.000277251688223322,0.0721104886070087,0.909949774064891,19.1449371355648,89.4034521737201,6.03613199104838e-05,1.0255521009521
0.998090659896985,0.393021628495067,34.1106775625135,17958.4031845166,-0.000276892910546743,0.0752920191832878,0.888156414713577,21.1924012669729,90.3742226451083,5.92108203832944e-05,1.02762474821916
