"dataset","col_index","shape_est","shape_sd"
"WVirginia",3,5.16064800157925,0.5410323921069
"WVirginia",4,5.54724279822455,0.504694461256804
"WVirginia",5,5.84605351975735,0.476406824740817
"WVirginia",6,5.92660244787526,0.441049106321467
"WVirginia",7,5.75089770160326,0.395909951291645
"WVirginia",8,5.44145964746186,0.349878436486499
"WVirginia",9,5.02854026914317,0.30413195805863
"WVirginia",10,4.65719459831542,0.266574094063268
"WVirginia",11,4.42738137912115,0.241219812033914
"WVirginia",12,4.2082727149277,0.219133608324715
"WVirginia",13,3.65525774052105,0.181898739043715
"WVirginia",14,3.47819712528274,0.166452616155019
"WVirginia",15,3.39001872832799,0.156561802935609
"WVirginia",16,3.24265956101019,0.144720983915566
"WVirginia",17,3.14347126137898,0.135915897592147
"WVirginia",18,3.07793297803035,0.129207927929587
"WVirginia",19,2.73392820809019,0.111067036880907
"WVirginia",20,2.62054518007659,0.103539071260541
"WVirginia",21,2.54332535116013,0.0979112296126508
"WVirginia",22,2.41094278530133,0.09041671314905
"WVirginia",23,2.35199863251705,0.086147489933462
"WVirginia",24,2.25764415499123,0.0807601348361145
"WVirginia",25,2.13587762818376,0.074614211808314
"WVirginia",26,2.08439058345192,0.0712951439817217
"WVirginia",27,2.04264836669631,0.0684753391806833
"WVirginia",28,1.93115197335649,0.0633444993344022
"WVirginia",29,1.89373436836352,0.0609589586318998
"WVirginia",30,1.80988896122645,0.0571084189768065
"WVirginia",31,1.78497807598101,0.0553545094739917
"WVirginia",32,1.76342500687049,0.0537802275423678
"WVirginia",33,1.73940430934662,0.0521884277623476
"WVirginia",34,1.6994344537003,0.0501525503148695
"WVirginia",35,1.51943169045483,0.0438387740648006
"WVirginia",36,1.47719297255702,0.0419350837317314
"WVirginia",37,1.45879665075995,0.040810535975089
"WVirginia",38,1.43900234407403,0.0396821071724358
"WVirginia",39,1.41704881229981,0.0385268613644248
"WVirginia",40,1.37547208194122,0.0368405764219378
"WVirginia",41,1.36028203731076,0.0359552782060075
"WVirginia",42,1.34201205765566,0.0350100887160758
"WVirginia",43,1.31501242405114,0.0338496308910951
"WVirginia",44,1.29280577715013,0.0328526992293712
"WVirginia",45,1.2543462128108,0.0314420360208589
"WVirginia",46,1.23797731172567,0.0306595595309253
"WVirginia",47,1.22251963727633,0.0299219307681912
"WVirginia",48,1.20844625512222,0.02923971995092
"WVirginia",49,1.18778994029235,0.0284043423253138
"WVirginia",50,1.17320242147993,0.0277448065275888
"WVirginia",51,1.08533057890659,0.0252459414663618
"WVirginia",52,1.0738888869784,0.0247157748187284
"WVirginia",53,1.06196793549808,0.0241862885718374
"WVirginia",54,1.05368201391863,0.0237581303431447
"WVirginia",55,1.04272568256716,0.0232751186453561
"WVirginia",56,1.00971987114593,0.0222731781789737
"WVirginia",57,0.952688883099253,0.0207224182603937
"WVirginia",58,0.935650417301743,0.0201428698512506
"WVirginia",59,0.929348498852257,0.0198248305364939
"WVirginia",60,0.923957366022923,0.0195346149014957
"WVirginia",61,0.88830213716646,0.0185597310162901
"WVirginia",62,0.877069864908451,0.0181555456876257
"WVirginia",63,0.871524822926027,0.017886620666963
"WVirginia",64,0.864252325396381,0.0175847314118089
"WVirginia",65,0.859334331018178,0.017340560089658
"WVirginia",66,0.839265306163621,0.0167702730603895
"WVirginia",67,0.830852358997517,0.0164624800759711
"WVirginia",68,0.803578101034658,0.0157557501079067
"WVirginia",69,0.799173372219203,0.0155474805517906
"WVirginia",70,0.782948212922486,0.0150937805139037
"WVirginia",71,0.768662226833347,0.0146883728550122
"WVirginia",72,0.765309206325226,0.0145164525521
"WVirginia",73,0.761104378751752,0.0143300847245767
"WVirginia",74,0.755848131883951,0.0141254695562484
"WVirginia",75,0.741841611065099,0.0137468512436747
"WVirginia",76,0.735351977345728,0.0135254873767806
"WVirginia",77,0.720804483419659,0.0131468253370038
"WVirginia",78,0.71556307620005,0.0129583927392463
"WVirginia",79,0.711444187647583,0.0127950436404894
"WVirginia",80,0.704781738201491,0.0125845943721455
"WVirginia",81,0.697278814764142,0.0123610511623614
"WVirginia",82,0.686377172999986,0.0120754073998768
"WVirginia",83,0.680185654223399,0.0118840059620177
"WVirginia",84,0.674701327431806,0.0117088538377255
"WVirginia",85,0.667090625568414,0.0114961517144817
"WVirginia",86,0.660877695684012,0.0113126675084813
"WVirginia",87,0.654923607365317,0.0111366027276365
"WVirginia",88,0.640875693777724,0.0108134439010612
"WVirginia",89,0.634338365557588,0.010632529323497
"WVirginia",90,0.620688761723444,0.0103245282458533
"WVirginia",91,0.61058643876748,0.0100848759122838
"WVirginia",92,0.59952667926833,0.00983125218914324
"WVirginia",93,0.593461663262791,0.0096700459313631
"WVirginia",94,0.585782152513398,0.00948234610803419
"WVirginia",95,0.57691470452686,0.00927617177496221
"WVirginia",96,0.569113052308865,0.00909127653326212
"WVirginia",97,0.561379610251515,0.00890991353695811
"WVirginia",98,0.553723192388246,0.00873216068162179
"WVirginia",99,0.546360354250188,0.00856165511134045
"WVirginia",100,0.540788665271924,0.00842376401075741
"WVirginia",101,0.536609367003954,0.00831113691197898
"WVirginia",102,0.528047992134278,0.00812610603733833
"WVirginia",103,0.520779096012885,0.00796492516721204
"WVirginia",104,0.514431677407461,0.00782097764608868
"WVirginia",105,0.510678022482738,0.00772158136773722
"WVirginia",106,0.505296843501988,0.00759660169661139
"WVirginia",107,0.500961233884194,0.00749014489831998
"WVirginia",108,0.49250820861041,0.00731803081051888
"WVirginia",109,0.485218811981153,0.00716668004607087
"WVirginia",110,0.480422522234229,0.00705703731691579
"WVirginia",111,0.474434541438016,0.00692960355653411
"WVirginia",112,0.469663293038928,0.00682287796623608
"WVirginia",113,0.464763275624803,0.0067152876312915
"WVirginia",114,0.457631214140429,0.00657386088006601
"WVirginia",115,0.450686630733341,0.00643690465766915
"WVirginia",116,0.445500641028857,0.0063286825061697
"WVirginia",117,0.437353196286483,0.00617598665996163
"WVirginia",118,0.432480426149631,0.00607508854169964
"WVirginia",119,0.426164859084526,0.00595327020654075
"WVirginia",120,0.421004305874113,0.00585021873864462
"WVirginia",121,0.416002067231647,0.00575061286440303
"WVirginia",122,0.410192709035812,0.00563993679031943
"WVirginia",123,0.405880902602812,0.0055526972607174
"WVirginia",124,0.40135056203754,0.00546309267393576
"WVirginia",125,0.396069117617333,0.00536331047555531
"WVirginia",126,0.390564068934937,0.00526124682892401
"WVirginia",127,0.384822461855902,0.00515675124271852
"WVirginia",128,0.381199677843577,0.00508400809601427
"WVirginia",129,0.376463917085234,0.00499590755050114
"WVirginia",130,0.372315592032301,0.00491708712725207
"WVirginia",131,0.368656737737391,0.00484600619931578
"WVirginia",132,0.363849171576512,0.00475927369811441
"WVirginia",133,0.360326237611029,0.00469152045794918
"WVirginia",134,0.356661584429951,0.00462240153009942
"WVirginia",135,0.352377349730776,0.00454524732677428
"WVirginia",136,0.348961151988633,0.00448089538539178
"WVirginia",137,0.344391094399866,0.00440113445881771
"WVirginia",138,0.340460715912188,0.00433092593807628
"WVirginia",139,0.337266900021513,0.00427145929565291
"WVirginia",140,0.333290769336829,0.00420183403265856
"WVirginia",141,0.329892028170281,0.00414067836477265
"WVirginia",142,0.326516351745973,0.00408037201531898
"WVirginia",143,0.323191267482387,0.00402127335302247
"WVirginia",144,0.319527979925522,0.00395815352219879
"WVirginia",145,0.316375899039508,0.00390240102063425
"WVirginia",146,0.313247432822377,0.00384743830245405
"WVirginia",147,0.310072585317482,0.00379232871457255
"WVirginia",148,0.307032053969168,0.00373945221102603
"WVirginia",149,0.304276447427715,0.00369075214724256
"WVirginia",150,0.301454616177909,0.00364159151855405
"WVirginia",151,0.298709970578314,0.00359383885889154
"WVirginia",152,0.296080230621932,0.00354796336766637
"WVirginia",153,0.293403025077471,0.00350184907911636
"WVirginia",154,0.290801750380171,0.0034570811794662
"WVirginia",155,0.28837511501445,0.00341490286356601
"WVirginia",156,0.285904252494152,0.00337249748690028
"WVirginia",157,0.283547856097763,0.00333187750231693
"WVirginia",158,0.281186465100913,0.00329151344721873
"WVirginia",159,0.279031842289388,0.00325406236795362
"WVirginia",160,0.276851541423051,0.00321657980487838
"WVirginia",161,0.274732584253184,0.00318015034960631
"WVirginia",162,0.272724654627136,0.00314537795548676
"WVirginia",163,0.270688834557961,0.00311052456731895
"WVirginia",164,0.268780106205359,0.00307750011434571
"WVirginia",165,0.266897708456447,0.00304504637358951
"WVirginia",166,0.265141894845912,0.00301438226514104
"WVirginia",167,0.263243648843272,0.00298220991572838
"WVirginia",168,0.261483446696672,0.00295194982345668
"WVirginia",169,0.259764833186101,0.00292241391619586
"WVirginia",170,0.258107981899433,0.00289383681542984
"WVirginia",171,0.256482594498241,0.00286584389023861
"WVirginia",172,0.254991205676686,0.00283965488255375
"WVirginia",173,0.253396703356645,0.00281242382321212
"WVirginia",174,0.251958467525868,0.00278724210345345
"WVirginia",175,0.250481700441583,0.0027617820906151
"WVirginia",176,0.249088109567877,0.00273748182304856
